Reaction.Time,Tempo 
1.522542,100 bpm
0.87093091,100 bpm
0.871210098,100 bpm
0.886698961,100 bpm
0.904481888,100 bpm
0.920847893,100 bpm
0.937369108,100 bpm
0.968345881,100 bpm
0.982491016,100 bpm
1.004352093,100 bpm
1.037680864,100 bpm
1.071861982,100 bpm
1.113873005,100 bpm
1.137426853,100 bpm
1.13843298,100 bpm
1.138484001,100 bpm
1.149736166,100 bpm
1.154338121,100 bpm
1.155001163,100 bpm
1.155206919,100 bpm
1.166388988,100 bpm
1.171162128,100 bpm
1.171527147,100 bpm
1.18248415,100 bpm
1.199605942,100 bpm
1.221313,100 bpm
1.221655846,100 bpm
1.222034931,100 bpm
1.266731024,100 bpm
1.272084951,100 bpm
1.283193111,100 bpm
1.289343834,100 bpm
1.297548056,100 bpm
1.358462811,100 bpm
1.371729136,100 bpm
1.404922962,100 bpm
1.434885025,100 bpm
1.488467932,100 bpm
1.489099026,100 bpm
1.505808115,100 bpm
1.549736977,100 bpm
1.555850029,100 bpm
1.56673789,100 bpm
1.588148117,100 bpm
1.700212002,100 bpm
2.322240114,100 bpm
3.724992037,100 bpm
1.083393097,100 bpm
0.866857052,100 bpm
0.966790915,100 bpm
1.033425808,100 bpm
1.04978013,100 bpm
1.049890995,100 bpm
1.049988031,100 bpm
1.066779852,100 bpm
1.116750002,100 bpm
1.133479118,100 bpm
1.149925947,100 bpm
1.149927855,100 bpm
1.166615963,100 bpm
1.166722059,100 bpm
1.200030088,100 bpm
1.249949932,100 bpm
1.250038147,100 bpm
1.265650034,100 bpm
1.266540051,100 bpm
1.266636133,100 bpm
1.266689062,100 bpm
1.283370018,100 bpm
1.31772995,100 bpm
1.333420992,100 bpm
1.333528996,100 bpm
1.366601944,100 bpm
1.366648912,100 bpm
1.393058062,100 bpm
1.400044918,100 bpm
1.400098085,100 bpm
1.416934013,100 bpm
1.450041056,100 bpm
1.483277798,100 bpm
1.483338833,100 bpm
1.583408117,100 bpm
1.599960804,100 bpm
1.6167171,100 bpm
1.733227015,100 bpm
1.733389139,100 bpm
1.783247948,100 bpm
1.783477068,100 bpm
1.816762924,100 bpm
1.866684914,100 bpm
2.150003195,100 bpm
2.216726065,100 bpm
3.199801207,100 bpm
0.927078962,100 bpm
0.950496197,100 bpm
0.981458902,100 bpm
1.000128984,100 bpm
1.000196934,100 bpm
1.000222206,100 bpm
1.015439987,100 bpm
1.030927897,100 bpm
1.031325817,100 bpm
1.048716068,100 bpm
1.050240994,100 bpm
1.065024138,100 bpm
1.065639019,100 bpm
1.065818071,100 bpm
1.066987991,100 bpm
1.098011017,100 bpm
1.115375996,100 bpm
1.115421057,100 bpm
1.115648031,100 bpm
1.115677118,100 bpm
1.130916119,100 bpm
1.162689924,100 bpm
1.166913033,100 bpm
1.167083979,100 bpm
1.182011843,100 bpm
1.182255983,100 bpm
1.183828115,100 bpm
1.23131299,100 bpm
1.231906891,100 bpm
1.247620106,100 bpm
1.248541832,100 bpm
1.298654079,100 bpm
1.298682928,100 bpm
1.314689159,100 bpm
1.330822945,100 bpm
1.348183155,100 bpm
1.348200083,100 bpm
1.364719868,100 bpm
1.380028963,100 bpm
1.38115406,100 bpm
1.43128705,100 bpm
1.500488043,100 bpm
1.545013189,100 bpm
1.547336102,100 bpm
1.550211906,100 bpm
1.565109968,100 bpm
1.581647873,100 bpm
1.633468866,100 bpm
1.444446087,100 bpm
2.012289047,100 bpm
2.0444839,100 bpm
0.943300009,100 bpm
0.956636906,100 bpm
0.989631891,100 bpm
1.040896893,100 bpm
1.041330099,100 bpm
1.098640919,100 bpm
1.10998106,100 bpm
1.122155905,100 bpm
1.124361038,100 bpm
1.127741814,100 bpm
1.140264034,100 bpm
1.143808126,100 bpm
1.176373005,100 bpm
1.210160971,100 bpm
1.226658106,100 bpm
1.275367022,100 bpm
1.27719903,100 bpm
1.277271986,100 bpm
1.288321018,100 bpm
1.2925179,100 bpm
1.307834148,100 bpm
1.309044838,100 bpm
1.355020046,100 bpm
1.393504143,100 bpm
1.423042059,100 bpm
1.434546947,100 bpm
1.440860033,100 bpm
1.444397926,100 bpm
1.444464922,100 bpm
1.459048986,100 bpm
1.525846958,100 bpm
1.525875092,100 bpm
1.543790817,100 bpm
1.67632699,100 bpm
1.896550179,100 bpm
1.989748955,100 bpm
2.011253834,100 bpm
2.030341864,100 bpm
2.033522844,100 bpm
2.111243963,100 bpm
2.295401812,100 bpm
2.365813971,100 bpm
2.499453068,100 bpm
2.83366394,100 bpm
3.084668159,100 bpm
0.915809155,100 bpm
0.929472923,100 bpm
0.933406115,100 bpm
0.948661089,100 bpm
0.965227127,100 bpm
0.99613905,100 bpm
0.999353886,100 bpm
0.99988699,100 bpm
1.01236105,100 bpm
1.015042067,100 bpm
1.025432825,100 bpm
1.029222965,100 bpm
1.032146931,100 bpm
1.032299042,100 bpm
1.032410145,100 bpm
1.033987045,100 bpm
1.034358978,100 bpm
1.045337915,100 bpm
1.04884696,100 bpm
1.065524817,100 bpm
1.065667868,100 bpm
1.081737041,100 bpm
1.09602809,100 bpm
1.098572969,100 bpm
1.099839926,100 bpm
1.112879992,100 bpm
1.116171837,100 bpm
1.116748095,100 bpm
1.130884171,100 bpm
1.132061958,100 bpm
1.16268611,100 bpm
1.166050196,100 bpm
1.166536093,100 bpm
1.166628122,100 bpm
1.179853916,100 bpm
1.199582815,100 bpm
1.216276884,100 bpm
1.227362871,100 bpm
1.261190891,100 bpm
1.26249814,100 bpm
1.26586318,100 bpm
1.282367945,100 bpm
1.282500982,100 bpm
1.299900055,100 bpm
1.315505981,100 bpm
1.317329884,100 bpm
1.329009056,100 bpm
1.365775824,100 bpm
0.916564941,100 bpm
1.129419088,100 bpm
1.149868011,100 bpm
1.365998983,100 bpm
1.499647856,100 bpm
0.949388027,100 bpm
0.979593992,100 bpm
1.015836,100 bpm
1.031157017,100 bpm
1.048659801,100 bpm
1.081944942,100 bpm
1.083039999,100 bpm
1.114639997,100 bpm
1.115274191,100 bpm
1.128144979,100 bpm
1.133209944,100 bpm
1.133387804,100 bpm
1.148587942,100 bpm
1.148749113,100 bpm
1.210974932,100 bpm
1.213753939,100 bpm
1.216604948,100 bpm
1.217033863,100 bpm
1.229176998,100 bpm
1.233061075,100 bpm
1.284464836,100 bpm
1.298742056,100 bpm
1.300051928,100 bpm
1.312537909,100 bpm
1.33255887,100 bpm
1.351004839,100 bpm
1.364523172,100 bpm
1.399837017,100 bpm
1.429894924,100 bpm
1.443059921,100 bpm
1.446756125,100 bpm
1.496456862,100 bpm
1.512213945,100 bpm
1.533168077,100 bpm
1.583576918,100 bpm
1.616305113,100 bpm
1.798925877,100 bpm
1.832400084,100 bpm
2.4291749,100 bpm
2.566205025,100 bpm
2.665045977,100 bpm
3.982163906,100 bpm
4.098258018,100 bpm
0.933372974,100 bpm
0.883430958,100 bpm
0.883615971,100 bpm
0.900156021,100 bpm
0.916763067,100 bpm
0.917130947,100 bpm
0.933395147,100 bpm
0.933459044,100 bpm
0.93349719,100 bpm
0.933561802,100 bpm
0.933640957,100 bpm
0.949816942,100 bpm
0.950299978,100 bpm
0.966599941,100 bpm
0.983099937,100 bpm
0.983484983,100 bpm
0.983518124,100 bpm
0.983536005,100 bpm
0.983668804,100 bpm
1.00001502,100 bpm
1.000050068,100 bpm
1.00028801,100 bpm
1.0333848,100 bpm
1.033406973,100 bpm
1.033419847,100 bpm
1.050022841,100 bpm
1.066046,100 bpm
1.066609859,100 bpm
1.06673193,100 bpm
1.08294487,100 bpm
1.100819111,100 bpm
1.116824865,100 bpm
1.116919041,100 bpm
1.116936922,100 bpm
1.132516861,100 bpm
1.166689157,100 bpm
1.183434963,100 bpm
1.199767113,100 bpm
1.233167171,100 bpm
1.266917229,100 bpm
1.300060987,100 bpm
1.312964916,100 bpm
1.333729982,100 bpm
1.350024939,100 bpm
1.366774082,100 bpm
1.500010014,100 bpm
2.116640806,100 bpm
2.35010314,100 bpm
0.833647013,100 bpm
1.079293013,100 bpm
0.965602875,100 bpm
0.900152922,100 bpm
0.915987015,100 bpm
0.928828001,100 bpm
0.928917885,100 bpm
0.946120977,100 bpm
0.963601112,100 bpm
1.000102043,100 bpm
1.01352787,100 bpm
1.015960932,100 bpm
1.032847881,100 bpm
1.045843124,100 bpm
1.213058949,100 bpm
1.214508057,100 bpm
1.316026926,100 bpm
1.316586018,100 bpm
1.401115894,100 bpm
1.449393034,100 bpm
1.499953032,100 bpm
1.548324108,100 bpm
1.883545876,100 bpm
1.949796915,100 bpm
3.29934597,100 bpm
0.827303886,100 bpm
0.848623037,100 bpm
0.848744154,100 bpm
0.849534988,100 bpm
0.850481033,100 bpm
0.859548807,100 bpm
0.863296986,100 bpm
0.865690947,100 bpm
0.866492987,100 bpm
0.911363125,100 bpm
0.931329966,100 bpm
0.932176113,100 bpm
0.932329893,100 bpm
0.933800936,100 bpm
0.948704004,100 bpm
0.948704004,100 bpm
0.9673841,100 bpm
0.994624853,100 bpm
1.012388945,100 bpm
1.082382917,100 bpm
1.159601927,100 bpm
1.182235956,100 bpm
1.298352003,100 bpm
0.966560125,100 bpm
1.066938877,100 bpm
1.466601133,100 bpm
0.916409969,100 bpm
0.949975014,100 bpm
1.000067949,100 bpm
1.000280142,100 bpm
1.08335495,100 bpm
1.100059032,100 bpm
1.116566896,100 bpm
1.133250952,100 bpm
1.133624077,100 bpm
1.149970055,100 bpm
1.150123835,100 bpm
1.183243036,100 bpm
1.216696024,100 bpm
1.216916084,100 bpm
1.233398914,100 bpm
1.266510963,100 bpm
1.299914122,100 bpm
1.366433859,100 bpm
1.466444969,100 bpm
1.566981077,100 bpm
1.583317041,100 bpm
1.7167871,100 bpm
2.499620199,100 bpm
0.916581869,100 bpm
0.916841984,100 bpm
0.933465004,100 bpm
0.949783087,100 bpm
0.966883898,100 bpm
0.999899149,100 bpm
1.066513062,100 bpm
1.06653595,100 bpm
1.066672087,100 bpm
1.083331108,100 bpm
1.10018611,100 bpm
1.116984844,100 bpm
1.117206097,100 bpm
1.132977009,100 bpm
1.216742992,100 bpm
1.266410828,100 bpm
1.26669693,100 bpm
1.283193111,100 bpm
1.35025692,100 bpm
1.500099182,100 bpm
1.983164072,100 bpm
2.626089096,100 bpm
1.083467007,100 bpm
1.095514059,100 bpm
1.097045898,100 bpm
1.133744955,100 bpm
1.213799953,100 bpm
1.333099842,100 bpm
1.466016054,100 bpm
0.928242922,100 bpm
0.983067036,100 bpm
1.049884796,100 bpm
1.065481901,100 bpm
1.082812071,100 bpm
1.099053144,100 bpm
1.196515083,100 bpm
1.334540129,100 bpm
1.382920027,100 bpm
1.4317379,100 bpm
1.531264067,100 bpm
1.549643993,100 bpm
1.567065001,100 bpm
1.949218035,100 bpm
2.199155808,100 bpm
2.266084194,100 bpm
4.750393867,100 bpm
0.966650009,100 bpm
0.982642174,100 bpm
1.013932943,100 bpm
1.015938997,100 bpm
1.048787832,100 bpm
1.082897902,100 bpm
1.084020138,100 bpm
1.097374916,100 bpm
1.09919095,100 bpm
1.115214109,100 bpm
1.115486145,100 bpm
1.11621809,100 bpm
1.117037058,100 bpm
1.117840052,100 bpm
1.149044037,100 bpm
1.166007996,100 bpm
1.166095972,100 bpm
1.181418896,100 bpm
1.331900835,100 bpm
1.347243786,100 bpm
1.381978989,100 bpm
1.416666985,100 bpm
1.559921026,100 bpm
1.733505011,100 bpm
0.983428955,100 bpm
1.083679914,100 bpm
1.050194025,100 bpm
1.133453846,100 bpm
1.149973154,100 bpm
1.166960955,100 bpm
1.183636189,100 bpm
1.199838161,100 bpm
1.199856997,100 bpm
1.21671319,100 bpm
1.216801167,100 bpm
1.250386,100 bpm
1.300041914,100 bpm
1.300312042,100 bpm
1.333166122,100 bpm
1.383425951,100 bpm
1.616729975,100 bpm
1.666618109,100 bpm
1.666797161,100 bpm
1.783545017,100 bpm
1.949947834,100 bpm
1.983304024,100 bpm
2.18330884,100 bpm
2.250039101,100 bpm
2.383347988,100 bpm
4.149329901,100 bpm
0.883339167,100 bpm
0.916503906,100 bpm
0.933230162,100 bpm
0.949948072,100 bpm
0.950031996,100 bpm
0.966336012,100 bpm
0.966596842,100 bpm
1.00019598,100 bpm
1.000276089,100 bpm
1.000280857,100 bpm
1.017124891,100 bpm
1.033711195,100 bpm
1.083611965,100 bpm
1.099808931,100 bpm
1.100362062,100 bpm
1.116729021,100 bpm
1.216822863,100 bpm
1.233512163,100 bpm
1.400331974,100 bpm
1.626005888,100 bpm
1.767037153,100 bpm
1.93334198,100 bpm
1.11687398,100 bpm
1.216643095,100 bpm
1.233165979,100 bpm
1.266737938,100 bpm
1.283301115,100 bpm
1.299997091,100 bpm
1.366656065,100 bpm
1.383270979,100 bpm
1.416804075,100 bpm
1.483287096,100 bpm
1.483551979,100 bpm
1.633359909,100 bpm
1.734729052,100 bpm
2.100239038,100 bpm
2.166481972,100 bpm
2.200157881,100 bpm
2.216747046,100 bpm
2.21687007,100 bpm
2.283440113,100 bpm
2.433331966,100 bpm
2.800088882,100 bpm
2.899765968,100 bpm
2.899873018,100 bpm
5.029501915,100 bpm
0.966425896,100 bpm
0.983947992,100 bpm
1.000157118,100 bpm
1.049893141,100 bpm
1.049928904,100 bpm
1.067255974,100 bpm
1.100078821,100 bpm
1.100228071,100 bpm
1.166739941,100 bpm
1.21663785,100 bpm
1.216755152,100 bpm
1.400070906,100 bpm
1.615435839,100 bpm
1.699676037,100 bpm
1.733415127,100 bpm
1.783379078,100 bpm
1.882893085,100 bpm
1.88322401,100 bpm
1.883458138,100 bpm
2.166371107,100 bpm
2.383158922,100 bpm
2.400268793,100 bpm
2.433294058,100 bpm
2.633589029,100 bpm
1.38350296,100 bpm
1.050153017,100 bpm
1.066678047,100 bpm
1.116777897,100 bpm
1.116840839,100 bpm
1.133300066,100 bpm
1.133320093,100 bpm
1.166716099,100 bpm
1.183542967,100 bpm
1.183650017,100 bpm
1.200192928,100 bpm
1.216677189,100 bpm
1.233307123,100 bpm
1.250090837,100 bpm
1.250138044,100 bpm
1.267044067,100 bpm
1.283030987,100 bpm
1.333747149,100 bpm
1.34998703,100 bpm
1.41646719,100 bpm
1.450031996,100 bpm
1.483456135,100 bpm
1.500128984,100 bpm
1.650519848,100 bpm
1.833415031,100 bpm
0.995913982,100 bpm
1.050008059,100 bpm
1.08344698,100 bpm
1.116724014,100 bpm
1.133416891,100 bpm
1.183037996,100 bpm
1.183326006,100 bpm
1.183398008,100 bpm
1.216270924,100 bpm
1.233446836,100 bpm
1.233547926,100 bpm
1.266315937,100 bpm
1.283257961,100 bpm
1.299881935,100 bpm
1.349919081,100 bpm
1.483428955,100 bpm
1.549694061,100 bpm
1.600300074,100 bpm
1.616547108,100 bpm
1.617026091,100 bpm
1.649955034,100 bpm
1.949041843,100 bpm
2.01698494,100 bpm
0.600348949,100 bpm
1.582261086,100 bpm
0.983973026,100 bpm
1.083429098,100 bpm
1.083557129,100 bpm
1.099979162,100 bpm
1.150228977,100 bpm
1.15025115,100 bpm
1.182458162,100 bpm
1.20049715,100 bpm
1.216639996,100 bpm
1.216801882,100 bpm
1.25,100 bpm
1.300086975,100 bpm
1.333475113,100 bpm
1.333489895,100 bpm
1.366845846,100 bpm
1.450016975,100 bpm
1.633712053,100 bpm
1.650238037,100 bpm
1.733432055,100 bpm
1.833395958,100 bpm
2.116678,100 bpm
2.383384943,100 bpm
2.399739027,100 bpm
3.716472864,100 bpm
0.916482925,100 bpm
1.000212908,100 bpm
1.000218868,100 bpm
1.016723156,100 bpm
1.033452988,100 bpm
1.050168991,100 bpm
1.083307028,100 bpm
1.100169182,100 bpm
1.116431952,100 bpm
1.149861813,100 bpm
1.199841022,100 bpm
1.250232935,100 bpm
1.283177137,100 bpm
1.294825077,100 bpm
1.300248861,100 bpm
1.300636053,100 bpm
1.333272934,100 bpm
1.367085934,100 bpm
1.433405876,100 bpm
1.683665037,100 bpm
1.700034142,100 bpm
2.116525888,100 bpm
0.250313997,100 bpm
0.265779972,100 bpm
0.500180006,100 bpm
0.833796024,100 bpm
0.966580868,100 bpm
2.516473055,100 bpm
4.249764919,100 bpm
0.534542084,100 bpm
0.999244928,100 bpm
1.033570051,100 bpm
1.05025506,100 bpm
1.066964149,100 bpm
1.16689086,100 bpm
1.19988203,100 bpm
1.233697891,100 bpm
1.249842882,100 bpm
1.31657505,100 bpm
1.383323908,100 bpm
1.432893991,100 bpm
1.633909941,100 bpm
2.299887896,100 bpm
2.516678095,100 bpm
3.116550922,100 bpm
3.233565092,100 bpm
4.582751989,100 bpm
0.250045061,100 bpm
0.250057936,100 bpm
0.367056131,100 bpm
0.492311001,100 bpm
0.500334024,100 bpm
0.883417845,100 bpm
0.883426905,100 bpm
0.966466188,100 bpm
1.050381899,100 bpm
1.116655827,100 bpm
1.200327873,100 bpm
1.249602795,100 bpm
1.249948025,100 bpm
1.266992092,100 bpm
1.316784859,100 bpm
1.450043917,100 bpm
1.566617012,100 bpm
1.63340807,100 bpm
1.983413935,100 bpm
2.166765213,100 bpm
2.448491812,100 bpm
2.483279943,100 bpm
2.533292055,100 bpm
0.979967833,100 bpm
1.031852007,100 bpm
1.034246922,100 bpm
1.050139189,100 bpm
1.050363064,100 bpm
1.062361956,100 bpm
1.097280025,100 bpm
1.146840096,100 bpm
1.148808956,100 bpm
1.196614981,100 bpm
1.225488901,100 bpm
1.23307085,100 bpm
1.248334885,100 bpm
1.249110937,100 bpm
1.316766977,100 bpm
1.36683321,100 bpm
1.398729086,100 bpm
1.500085115,100 bpm
1.546721935,100 bpm
1.599435091,100 bpm
1.698649883,100 bpm
1.698962927,100 bpm
1.733756065,100 bpm
1.846825838,100 bpm
0.896698952,100 bpm
0.93217802,100 bpm
0.9327209,100 bpm
0.949198961,100 bpm
0.965760946,100 bpm
0.997246027,100 bpm
1.015434027,100 bpm
1.017138004,100 bpm
1.030204058,100 bpm
1.050400019,100 bpm
1.06558609,100 bpm
1.100107908,100 bpm
1.13270402,100 bpm
1.146658897,100 bpm
1.158383131,100 bpm
1.16277194,100 bpm
1.163610935,100 bpm
1.19976306,100 bpm
1.212903976,100 bpm
1.227924824,100 bpm
1.249927044,100 bpm
1.348735094,100 bpm
1.416440964,100 bpm
1.727771044,100 bpm
0.933414936,100 bpm
0.997769117,100 bpm
1.000226974,100 bpm
1.033334017,100 bpm
1.03345418,100 bpm
1.049860954,100 bpm
1.050047874,100 bpm
1.069300175,100 bpm
1.083372116,100 bpm
1.083429098,100 bpm
1.100953102,100 bpm
1.117078066,100 bpm
1.131407976,100 bpm
1.133362055,100 bpm
1.150070906,100 bpm
1.183325052,100 bpm
1.199831009,100 bpm
1.216585159,100 bpm
1.217045069,100 bpm
1.266438961,100 bpm
1.266680002,100 bpm
1.299809933,100 bpm
1.649943113,100 bpm
1.682082891,100 bpm
0.900164843,100 bpm
0.90023303,100 bpm
0.916972876,100 bpm
0.94994998,100 bpm
0.966700077,100 bpm
1.000074863,100 bpm
1.000120163,100 bpm
1.00012207,100 bpm
1.000231028,100 bpm
1.033488989,100 bpm
1.06671381,100 bpm
1.066837072,100 bpm
1.116987944,100 bpm
1.133176088,100 bpm
1.149882078,100 bpm
1.165539026,100 bpm
1.233345985,100 bpm
1.39826107,100 bpm
1.399874926,100 bpm
1.695992947,100 bpm
1.883381844,100 bpm
1.901036978,100 bpm
2.068873882,100 bpm
2.316410065,100 bpm
1.049962997,100 bpm
1.300054073,100 bpm
1.216728926,100 bpm
1.133041143,100 bpm
1.450081825,100 bpm
1.000295162,100 bpm
1.285569906,100 bpm
1.283324003,100 bpm
1.633587122,100 bpm
1.06656909,100 bpm
1.000387907,100 bpm
1.316625118,100 bpm
1.149868965,100 bpm
0.902489901,100 bpm
1.231211901,100 bpm
1.799788952,100 bpm
1.266291857,100 bpm
1.116674185,100 bpm
1.116893053,100 bpm
0.916662931,100 bpm
1.349797964,100 bpm
1.183492899,100 bpm
1.366667032,100 bpm
1.14812398,100 bpm
1.228358984,100 bpm
1.716464996,100 bpm
0.950212955,100 bpm
1.449962854,100 bpm
1.149806023,100 bpm
1.133163214,100 bpm
1.066783905,100 bpm
1.381445169,100 bpm
1.249726057,100 bpm
0.933539152,100 bpm
0.96647501,100 bpm
1.416730881,100 bpm
1.26681304,100 bpm
1.699965954,100 bpm
0.866533995,100 bpm
1.017028093,100 bpm
1.366653919,100 bpm
0.8332479,100 bpm
1.083454847,100 bpm
1.366590977,100 bpm
1.099984169,100 bpm
1.250243902,100 bpm
1.466392994,100 bpm
1.519025803,100 bpm
0.750031948,140 bpm
0.766824007,140 bpm
0.800140858,140 bpm
0.833331823,140 bpm
0.833366156,140 bpm
0.833405972,140 bpm
0.833487988,140 bpm
0.85007,140 bpm
0.850148916,140 bpm
0.866416931,140 bpm
0.866714001,140 bpm
0.866737127,140 bpm
0.866754055,140 bpm
0.86679697,140 bpm
0.883373022,140 bpm
0.899993896,140 bpm
0.900300026,140 bpm
0.916686773,140 bpm
0.916778088,140 bpm
0.916779041,140 bpm
0.916821003,140 bpm
0.917038918,140 bpm
0.933352947,140 bpm
0.933403969,140 bpm
0.933406115,140 bpm
0.933414936,140 bpm
0.93344593,140 bpm
0.949994802,140 bpm
0.950104952,140 bpm
0.96672678,140 bpm
0.966741085,140 bpm
0.966756821,140 bpm
0.966830969,140 bpm
0.983291864,140 bpm
0.983371973,140 bpm
0.983446836,140 bpm
0.983742952,140 bpm
1.000087976,140 bpm
1.000128031,140 bpm
1.016740084,140 bpm
1.016764879,140 bpm
1.050019026,140 bpm
1.066529989,140 bpm
1.100006819,140 bpm
1.100064993,140 bpm
1.150145054,140 bpm
1.183417082,140 bpm
1.187963009,140 bpm
1.063845158,140 bpm
0.900477886,140 bpm
0.950131893,140 bpm
0.978713036,140 bpm
0.981984854,140 bpm
0.996558905,140 bpm
0.998540878,140 bpm
1.012552977,140 bpm
1.014698982,140 bpm
1.015259981,140 bpm
1.015269041,140 bpm
1.030649185,140 bpm
1.048905849,140 bpm
1.049431086,140 bpm
1.050580025,140 bpm
1.067227125,140 bpm
1.080984116,140 bpm
1.081228971,140 bpm
1.082464218,140 bpm
1.083620071,140 bpm
1.09871006,140 bpm
1.098711014,140 bpm
1.100466013,140 bpm
1.11398983,140 bpm
1.11653614,140 bpm
1.117048979,140 bpm
1.130341053,140 bpm
1.131881952,140 bpm
1.132117033,140 bpm
1.133378029,140 bpm
1.144010782,140 bpm
1.147246122,140 bpm
1.147886992,140 bpm
1.165340185,140 bpm
1.181240797,140 bpm
1.245911837,140 bpm
1.247895956,140 bpm
1.248582125,140 bpm
1.265666962,140 bpm
1.283838034,140 bpm
1.298967123,140 bpm
1.31707406,140 bpm
1.397372007,140 bpm
1.465500116,140 bpm
1.499002934,140 bpm
1.88360405,140 bpm
2.047472,140 bpm
1.21666193,140 bpm
0.933272123,140 bpm
1.016662121,140 bpm
1.016829968,140 bpm
1.017127991,140 bpm
1.033330917,140 bpm
1.033423185,140 bpm
1.033563137,140 bpm
1.050069094,140 bpm
1.083082914,140 bpm
1.08326602,140 bpm
1.083431959,140 bpm
1.083719015,140 bpm
1.100059986,140 bpm
1.116724968,140 bpm
1.116755009,140 bpm
1.11687994,140 bpm
1.117006063,140 bpm
1.133316994,140 bpm
1.133375883,140 bpm
1.15020895,140 bpm
1.166693926,140 bpm
1.183210135,140 bpm
1.18327713,140 bpm
1.183408976,140 bpm
1.199941874,140 bpm
1.200040102,140 bpm
1.200055122,140 bpm
1.20005703,140 bpm
1.200162172,140 bpm
1.216709852,140 bpm
1.23346591,140 bpm
1.249937058,140 bpm
1.249963999,140 bpm
1.266805172,140 bpm
1.283595085,140 bpm
1.316576958,140 bpm
1.323894978,140 bpm
1.332967997,140 bpm
1.333359003,140 bpm
1.333517075,140 bpm
1.383244038,140 bpm
1.516771078,140 bpm
1.566735983,140 bpm
1.583253145,140 bpm
1.75,140 bpm
1.849918842,140 bpm
1.89995718,140 bpm
1.016735077,140 bpm
1.050087929,140 bpm
1.483379841,140 bpm
0.900113106,140 bpm
0.900285006,140 bpm
0.916689873,140 bpm
0.916745901,140 bpm
0.916769028,140 bpm
0.949997187,140 bpm
0.950131178,140 bpm
0.966678858,140 bpm
0.966894865,140 bpm
0.966908932,140 bpm
0.983466148,140 bpm
1.016844988,140 bpm
1.065868855,140 bpm
1.066715002,140 bpm
1.083385944,140 bpm
1.083411932,140 bpm
1.100018978,140 bpm
1.100238085,140 bpm
1.16669488,140 bpm
1.166719913,140 bpm
1.184271097,140 bpm
1.20006299,140 bpm
1.216663837,140 bpm
1.216810942,140 bpm
1.249980927,140 bpm
1.25,140 bpm
1.250035048,140 bpm
1.250046015,140 bpm
1.250061989,140 bpm
1.283447981,140 bpm
1.283465147,140 bpm
1.316726923,140 bpm
1.416648149,140 bpm
1.500025988,140 bpm
1.533360004,140 bpm
1.566876888,140 bpm
1.7932868,140 bpm
1.966732979,140 bpm
2.116580963,140 bpm
2.233250856,140 bpm
2.249825001,140 bpm
2.750095844,140 bpm
2.933227062,140 bpm
0.786436081,140 bpm
0.803656101,140 bpm
0.852518082,140 bpm
0.853056908,140 bpm
0.869590998,140 bpm
0.900433064,140 bpm
0.900764942,140 bpm
0.901212215,140 bpm
0.903409004,140 bpm
0.919507027,140 bpm
0.921322107,140 bpm
0.934350967,140 bpm
0.935977936,140 bpm
0.951517105,140 bpm
0.986232042,140 bpm
0.986826181,140 bpm
0.991803169,140 bpm
1.001484871,140 bpm
1.001541853,140 bpm
1.003624916,140 bpm
1.003822088,140 bpm
1.015825033,140 bpm
1.020519972,140 bpm
1.032014847,140 bpm
1.034538984,140 bpm
1.035021067,140 bpm
1.035567999,140 bpm
1.036497116,140 bpm
1.053303003,140 bpm
1.053519964,140 bpm
1.070873022,140 bpm
1.071151972,140 bpm
1.087749958,140 bpm
1.101622105,140 bpm
1.102804899,140 bpm
1.103028059,140 bpm
1.103224039,140 bpm
1.103423119,140 bpm
1.120921135,140 bpm
1.134903193,140 bpm
1.169492006,140 bpm
1.170519114,140 bpm
1.269917965,140 bpm
1.371228933,140 bpm
1.466944933,140 bpm
1.770684958,140 bpm
3.12245512,140 bpm
3.457511902,140 bpm
1.131710052,140 bpm
1.583992004,140 bpm
0.916342974,140 bpm
1.167226076,140 bpm
1.080968142,140 bpm
1.081930876,140 bpm
1.083350897,140 bpm
1.101593971,140 bpm
1.133407116,140 bpm
1.164003849,140 bpm
1.182265997,140 bpm
1.248289108,140 bpm
1.298062801,140 bpm
1.308640003,140 bpm
1.314503908,140 bpm
1.316799164,140 bpm
1.364798069,140 bpm
1.399953127,140 bpm
1.400183916,140 bpm
1.431643009,140 bpm
1.432808161,140 bpm
1.549170971,140 bpm
1.664764166,140 bpm
1.88313818,140 bpm
2.148571014,140 bpm
0.897641182,140 bpm
0.93047595,140 bpm
0.965724945,140 bpm
0.983517885,140 bpm
0.99850893,140 bpm
1.033406019,140 bpm
1.033778191,140 bpm
1.078079939,140 bpm
1.100415945,140 bpm
1.132686138,140 bpm
1.133309126,140 bpm
1.183295012,140 bpm
1.198850155,140 bpm
1.232778072,140 bpm
1.246385098,140 bpm
1.248901129,140 bpm
1.333046913,140 bpm
1.349156857,140 bpm
1.41534996,140 bpm
1.41683507,140 bpm
1.680628061,140 bpm
1.881729841,140 bpm
1.016822815,140 bpm
1.033583879,140 bpm
1.183367014,140 bpm
1.233504057,140 bpm
1.250276089,140 bpm
1.266771078,140 bpm
1.299885035,140 bpm
1.316759825,140 bpm
1.333404064,140 bpm
1.38487196,140 bpm
1.43295598,140 bpm
1.43330884,140 bpm
1.466710091,140 bpm
1.499120951,140 bpm
1.516727924,140 bpm
1.616615057,140 bpm
1.66684103,140 bpm
1.716527224,140 bpm
1.800029993,140 bpm
1.849823952,140 bpm
1.850432158,140 bpm
2.049721956,140 bpm
2.463208914,140 bpm
2.499900818,140 bpm
1.066757917,140 bpm
1.083554029,140 bpm
1.116554022,140 bpm
1.116605043,140 bpm
1.133629084,140 bpm
1.166416883,140 bpm
1.183362007,140 bpm
1.183407068,140 bpm
1.216506004,140 bpm
1.216658115,140 bpm
1.233555079,140 bpm
1.25009799,140 bpm
1.283280134,140 bpm
1.299971104,140 bpm
1.333544016,140 bpm
1.400016069,140 bpm
1.433255911,140 bpm
1.499997139,140 bpm
1.517928123,140 bpm
1.549999952,140 bpm
1.566611052,140 bpm
1.799913168,140 bpm
1.816782951,140 bpm
2.249869823,140 bpm
0.816773891,140 bpm
1.016932964,140 bpm
1.066900015,140 bpm
1.083645105,140 bpm
1.100184917,140 bpm
1.215888023,140 bpm
1.233325005,140 bpm
1.2832551,140 bpm
1.583164215,140 bpm
1.600958109,140 bpm
2.199782133,140 bpm
0.963842154,140 bpm
1.033376932,140 bpm
1.042551041,140 bpm
1.050520897,140 bpm
1.100122929,140 bpm
1.14864397,140 bpm
1.150341988,140 bpm
1.183501005,140 bpm
1.199980021,140 bpm
1.217172861,140 bpm
1.333211184,140 bpm
1.333392143,140 bpm
2.816229105,140 bpm
0.799870014,140 bpm
0.866664886,140 bpm
0.866696835,140 bpm
0.899618864,140 bpm
0.899761915,140 bpm
0.900404215,140 bpm
0.916392088,140 bpm
0.916421175,140 bpm
0.916537046,140 bpm
0.933256149,140 bpm
0.950321913,140 bpm
0.966629028,140 bpm
0.966960907,140 bpm
0.967046022,140 bpm
0.983134031,140 bpm
0.983453989,140 bpm
1.016664982,140 bpm
1.050297976,140 bpm
1.06672287,140 bpm
1.149646997,140 bpm
1.233641863,140 bpm
1.283633947,140 bpm
1.416625023,140 bpm
1.950085878,140 bpm
0.912312031,140 bpm
0.933209896,140 bpm
0.945322037,140 bpm
0.966269016,140 bpm
0.97854805,140 bpm
0.983226061,140 bpm
1.016906977,140 bpm
1.0324049,140 bpm
1.033114195,140 bpm
1.065217018,140 bpm
1.066089869,140 bpm
1.067133904,140 bpm
1.127452135,140 bpm
1.132748127,140 bpm
1.228859901,140 bpm
1.246855021,140 bpm
1.266388893,140 bpm
1.26719594,140 bpm
1.277779102,140 bpm
1.298871994,140 bpm
1.300119877,140 bpm
1.365757942,140 bpm
1.782621861,140 bpm
2.333631992,140 bpm
0.881770134,140 bpm
0.899646997,140 bpm
0.917078972,140 bpm
0.933011055,140 bpm
0.933722973,140 bpm
0.966219902,140 bpm
0.966751814,140 bpm
0.982037067,140 bpm
0.995950937,140 bpm
1.000172853,140 bpm
1.003129959,140 bpm
1.078673124,140 bpm
1.094810009,140 bpm
1.112562895,140 bpm
1.144699097,140 bpm
1.150038958,140 bpm
1.181723118,140 bpm
1.216492891,140 bpm
1.265985012,140 bpm
1.316189051,140 bpm
1.411647081,140 bpm
1.544085026,140 bpm
2.329216957,140 bpm
3.86627388,140 bpm
1.566555023,140 bpm
1.049818039,140 bpm
1.066856861,140 bpm
1.100679159,140 bpm
1.149950981,140 bpm
1.181977034,140 bpm
1.184006929,140 bpm
1.216732025,140 bpm
1.233551979,140 bpm
1.249880791,140 bpm
1.266562939,140 bpm
1.266819,140 bpm
1.350156069,140 bpm
1.533164978,140 bpm
1.533253908,140 bpm
1.633295059,140 bpm
1.766729116,140 bpm
1.783224106,140 bpm
1.834497929,140 bpm
1.983383179,140 bpm
2.433243036,140 bpm
2.766390085,140 bpm
3.199670076,140 bpm
3.33297801,140 bpm
0.849456072,140 bpm
0.866955042,140 bpm
0.950192928,140 bpm
1.033602953,140 bpm
1.050023079,140 bpm
1.066812992,140 bpm
1.100326061,140 bpm
1.116661072,140 bpm
1.116746187,140 bpm
1.150019169,140 bpm
1.166828156,140 bpm
1.216985941,140 bpm
1.233239174,140 bpm
1.250272036,140 bpm
1.299901009,140 bpm
1.333680153,140 bpm
1.383368969,140 bpm
1.399977922,140 bpm
1.446415901,140 bpm
1.533242941,140 bpm
1.650252819,140 bpm
1.699918032,140 bpm
1.966421127,140 bpm
4.916157007,140 bpm
0.233700991,140 bpm
1.083463192,140 bpm
1.083580971,140 bpm
1.199940205,140 bpm
1.232239962,140 bpm
1.316870928,140 bpm
1.333242178,140 bpm
1.349812031,140 bpm
1.366517067,140 bpm
1.450102806,140 bpm
1.466663837,140 bpm
1.466669083,140 bpm
1.499848127,140 bpm
1.500019073,140 bpm
1.749934912,140 bpm
1.782963037,140 bpm
1.950076818,140 bpm
2.000118971,140 bpm
2.159974098,140 bpm
2.299965143,140 bpm
2.682979107,140 bpm
2.781976938,140 bpm
3.000080824,140 bpm
3.750732899,140 bpm
0.983328104,140 bpm
1.016798019,140 bpm
1.016819,140 bpm
1.033147097,140 bpm
1.050308943,140 bpm
1.068112135,140 bpm
1.083420992,140 bpm
1.100311041,140 bpm
1.133410931,140 bpm
1.166604042,140 bpm
1.217521906,140 bpm
1.233247042,140 bpm
1.233494997,140 bpm
1.31626606,140 bpm
1.316832066,140 bpm
1.41624403,140 bpm
1.600180149,140 bpm
1.766609907,140 bpm
2.83323884,140 bpm
2.86665678,140 bpm
2.966274977,140 bpm
3.316434145,140 bpm
3.466481209,140 bpm
4.100106955,140 bpm
1.150295973,140 bpm
0.933312893,140 bpm
0.934260845,140 bpm
0.966725111,140 bpm
1.000108957,140 bpm
1.015921831,140 bpm
1.017347097,140 bpm
1.050076962,140 bpm
1.100055933,140 bpm
1.100126982,140 bpm
1.10015583,140 bpm
1.116765976,140 bpm
1.132292986,140 bpm
1.149978876,140 bpm
1.166543007,140 bpm
1.166823864,140 bpm
1.216619015,140 bpm
1.216745853,140 bpm
1.250242949,140 bpm
1.266936064,140 bpm
1.430612087,140 bpm
1.500211954,140 bpm
1.566694021,140 bpm
1.666701078,140 bpm
1.73328495,140 bpm
0.950366974,140 bpm
0.983010054,140 bpm
0.999881029,140 bpm
1.000000954,140 bpm
1.000076771,140 bpm
1.016746044,140 bpm
1.033424854,140 bpm
1.050080061,140 bpm
1.066581964,140 bpm
1.066694975,140 bpm
1.066734791,140 bpm
1.066866159,140 bpm
1.116774082,140 bpm
1.216638088,140 bpm
1.216782808,140 bpm
1.217082977,140 bpm
1.233489037,140 bpm
1.250037909,140 bpm
1.28360796,140 bpm
1.349797964,140 bpm
1.416579008,140 bpm
1.716636896,140 bpm
1.783512115,140 bpm
1.716726065,140 bpm
1.083246946,140 bpm
1.050077915,140 bpm
1.083737135,140 bpm
1.116394043,140 bpm
1.149691105,140 bpm
1.149699926,140 bpm
1.166095972,140 bpm
1.184082031,140 bpm
1.23338604,140 bpm
1.299271107,140 bpm
1.316743851,140 bpm
1.465763092,140 bpm
1.53283906,140 bpm
1.566406012,140 bpm
1.583454847,140 bpm
1.599880934,140 bpm
1.5998981,140 bpm
1.983211041,140 bpm
2.016618967,140 bpm
2.033002138,140 bpm
2.033738852,140 bpm
2.068212986,140 bpm
2.149274826,140 bpm
2.299962044,140 bpm
0.999379873,140 bpm
1.00023818,140 bpm
1.016844034,140 bpm
1.08403492,140 bpm
1.116038084,140 bpm
1.133353949,140 bpm
1.133474827,140 bpm
1.133892059,140 bpm
1.150272131,140 bpm
1.150470018,140 bpm
1.150527954,140 bpm
1.150563002,140 bpm
1.166733027,140 bpm
1.182669878,140 bpm
1.183015108,140 bpm
1.216532946,140 bpm
1.317322016,140 bpm
1.399373055,140 bpm
1.400314808,140 bpm
1.415344954,140 bpm
1.416746855,140 bpm
1.583335876,140 bpm
1.783895969,140 bpm
1.016628981,140 bpm
1.083204031,140 bpm
1.016721964,140 bpm
1.033533096,140 bpm
1.066686869,140 bpm
1.06674695,140 bpm
1.083313942,140 bpm
1.100015879,140 bpm
1.102535009,140 bpm
1.133394003,140 bpm
1.166592121,140 bpm
1.183345079,140 bpm
1.183377981,140 bpm
1.266639948,140 bpm
1.26672411,140 bpm
1.283302069,140 bpm
1.316587925,140 bpm
1.316791058,140 bpm
1.317009211,140 bpm
1.383342028,140 bpm
1.433237076,140 bpm
1.467036963,140 bpm
1.533299923,140 bpm
1.550103903,140 bpm
1.766064882,140 bpm
2.392357111,140 bpm
0.900115967,140 bpm
0.949434042,140 bpm
0.96679306,140 bpm
0.999454021,140 bpm
1.033333063,140 bpm
1.033881187,140 bpm
1.066692114,140 bpm
1.066715956,140 bpm
1.083383799,140 bpm
1.116278887,140 bpm
1.116580009,140 bpm
1.11659503,140 bpm
1.149986029,140 bpm
1.150055885,140 bpm
1.166684866,140 bpm
1.199918985,140 bpm
1.216559887,140 bpm
1.249675035,140 bpm
1.333300114,140 bpm
1.400311947,140 bpm
1.781371117,140 bpm
2.299923182,140 bpm
1.233282089,140 bpm
0.98363781,140 bpm
1.033957005,140 bpm
1.099837065,140 bpm
1.100012064,140 bpm
1.100162983,140 bpm
1.116821051,140 bpm
1.133411884,140 bpm
1.150389194,140 bpm
1.150468826,140 bpm
1.183537006,140 bpm
1.197943926,140 bpm
1.19987607,140 bpm
1.216166019,140 bpm
1.251436949,140 bpm
1.266776085,140 bpm
1.282342911,140 bpm
1.283204794,140 bpm
1.300026178,140 bpm
1.35182786,140 bpm
1.397747993,140 bpm
1.466468096,140 bpm
1.50002718,140 bpm
2.116595984,140 bpm
0.916956902,140 bpm
0.916961908,140 bpm
1.016914129,140 bpm
1.066200972,140 bpm
1.066524029,140 bpm
1.06692791,140 bpm
1.083014965,140 bpm
1.099075079,140 bpm
1.117699146,140 bpm
1.133194923,140 bpm
1.152441978,140 bpm
1.166432858,140 bpm
1.183442116,140 bpm
1.199939966,140 bpm
1.216604948,140 bpm
1.249588013,140 bpm
1.283349037,140 bpm
1.299865007,140 bpm
1.299899101,140 bpm
1.300359011,140 bpm
1.316663027,140 bpm
1.494045019,140 bpm
2.049629927,140 bpm
2.118381977,140 bpm
1.133270025,140 bpm
1.683181047,140 bpm
1.599918127,140 bpm
2.10137701,140 bpm
1.049785852,140 bpm
1.066576004,140 bpm
1.150359869,140 bpm
1.166607141,140 bpm
1.166881084,140 bpm
1.183271885,140 bpm
1.23353219,140 bpm
1.282927036,140 bpm
1.283449888,140 bpm
1.36682415,140 bpm
1.383250952,140 bpm
1.399785995,140 bpm
1.466829062,140 bpm
1.483385086,140 bpm
1.583235025,140 bpm
1.616503954,140 bpm
1.732871056,140 bpm
1.766977072,140 bpm
2.08316803,140 bpm
2.566568136,140 bpm
2.683068991,140 bpm
2.783092022,140 bpm
0.916895151,140 bpm
0.949860811,140 bpm
0.966474056,140 bpm
1.00014782,140 bpm
1.016741991,140 bpm
1.033456087,140 bpm
1.066689014,140 bpm
1.083178997,140 bpm
1.083398104,140 bpm
1.08344698,140 bpm
1.093430042,140 bpm
1.099694014,140 bpm
1.116863012,140 bpm
1.166979074,140 bpm
1.199764013,140 bpm
1.316902161,140 bpm
1.333153963,140 bpm
1.3666749,140 bpm
1.566635132,140 bpm
1.566679955,140 bpm
1.700284958,140 bpm
2.71646595,140 bpm
0.250853062,140 bpm
1.016350985,140 bpm
1.133653164,140 bpm
1.166732073,140 bpm
1.183115959,140 bpm
1.18325305,140 bpm
1.183426142,140 bpm
1.216605186,140 bpm
1.233330965,140 bpm
1.283224106,140 bpm
1.300060987,140 bpm
1.317045927,140 bpm
1.350124836,140 bpm
1.450213909,140 bpm
1.516986132,140 bpm
1.533414125,140 bpm
1.566640854,140 bpm
1.650876999,140 bpm
1.749526024,140 bpm
1.799923182,140 bpm
2.033350945,140 bpm
2.099742174,140 bpm
2.283357143,140 bpm
3.079590082,140 bpm
1.066540957,140 bpm
1.083457947,140 bpm
1.083515167,140 bpm
1.09860301,140 bpm
1.099810123,140 bpm
1.116656065,140 bpm
1.133234978,140 bpm
1.150157928,140 bpm
1.150228024,140 bpm
1.18344593,140 bpm
1.199807882,140 bpm
1.199868917,140 bpm
1.199980021,140 bpm
1.200412989,140 bpm
1.232962132,140 bpm
1.249849796,140 bpm
1.315952063,140 bpm
1.333359003,140 bpm
1.333420992,140 bpm
1.350058794,140 bpm
1.36627984,140 bpm
1.383677959,140 bpm
2.016575813,140 bpm
2.266709805,140 bpm
3.33436799,140 bpm
2.430073977,140 bpm
1.274813175,140 bpm
1.207964182,140 bpm
1.342077017,140 bpm
2.413678169,140 bpm
1.239331961,140 bpm
1.157541037,140 bpm
2.697988987,140 bpm
2.597267866,140 bpm
1.643281937,140 bpm
1.174640894,140 bpm
2.496979952,140 bpm
1.408684969,140 bpm
1.308403969,140 bpm
1.475998163,140 bpm
1.073969841,140 bpm
1.324917793,140 bpm
1.375380993,140 bpm
1.191071987,140 bpm
1.090665817,140 bpm
1.274966002,140 bpm
1.827165127,140 bpm
1.023531914,140 bpm
1.676539898,140 bpm
1.408864975,140 bpm
1.894656181,140 bpm
1.124039888,140 bpm
1.390177965,140 bpm
1.777138948,140 bpm
2.112236023,140 bpm
2.511734009,140 bpm
1.743432045,140 bpm
1.17453599,140 bpm
0.973822117,140 bpm
1.040560007,140 bpm
1.274870873,140 bpm
1.574083805,140 bpm
0.973649979,140 bpm
3.30083704,140 bpm
1.157898188,140 bpm
1.207942963,140 bpm
1.944700003,140 bpm
0.973417997,140 bpm
1.291790962,140 bpm
0.8898139,140 bpm
0.92317605,140 bpm
1.358722925,140 bpm
0.883505106,180 bpm
0.883513927,180 bpm
0.900079012,180 bpm
0.91673398,180 bpm
0.933399916,180 bpm
0.965936899,180 bpm
0.966737986,180 bpm
0.982204199,180 bpm
0.983406067,180 bpm
0.983455181,180 bpm
0.983490944,180 bpm
0.984235048,180 bpm
0.999557972,180 bpm
0.999973059,180 bpm
1.000173092,180 bpm
1.000790119,180 bpm
1.01412797,180 bpm
1.016008854,180 bpm
1.016101837,180 bpm
1.016185045,180 bpm
1.016723871,180 bpm
1.016786098,180 bpm
1.016815901,180 bpm
1.016849041,180 bpm
1.027647018,180 bpm
1.033293962,180 bpm
1.033380985,180 bpm
1.033553123,180 bpm
1.05014801,180 bpm
1.066800833,180 bpm
1.081578016,180 bpm
1.083436012,180 bpm
1.100058079,180 bpm
1.116095066,180 bpm
1.116801977,180 bpm
1.166386127,180 bpm
1.166791201,180 bpm
1.183425188,180 bpm
1.183444977,180 bpm
1.199444056,180 bpm
1.20016098,180 bpm
1.23348999,180 bpm
1.31682086,180 bpm
1.383421183,180 bpm
1.4333601,180 bpm
1.449945927,180 bpm
1.549994946,180 bpm
1.700030088,180 bpm
1.046476126,180 bpm
1.148365021,180 bpm
1.179831028,180 bpm
1.180454969,180 bpm
1.181407213,180 bpm
1.182930946,180 bpm
1.232234001,180 bpm
1.265146017,180 bpm
1.279661894,180 bpm
1.280272007,180 bpm
1.297093868,180 bpm
1.313997984,180 bpm
1.316375017,180 bpm
1.330218077,180 bpm
1.33302784,180 bpm
1.346822023,180 bpm
1.346898079,180 bpm
1.382071018,180 bpm
1.398725986,180 bpm
1.428745985,180 bpm
1.429615974,180 bpm
1.432555914,180 bpm
1.447501898,180 bpm
1.464623928,180 bpm
1.479980946,180 bpm
1.481356859,180 bpm
1.482749939,180 bpm
1.5164361,180 bpm
1.51744318,180 bpm
1.580998898,180 bpm
1.597259998,180 bpm
1.61606884,180 bpm
1.647227049,180 bpm
1.680299044,180 bpm
1.698539972,180 bpm
1.714927912,180 bpm
1.765222073,180 bpm
1.782058954,180 bpm
1.815107107,180 bpm
1.879667044,180 bpm
1.898049116,180 bpm
1.930958986,180 bpm
2.013196945,180 bpm
2.081958056,180 bpm
2.099426985,180 bpm
2.731211901,180 bpm
0.892076969,180 bpm
0.892730951,180 bpm
0.907140017,180 bpm
0.948457003,180 bpm
0.987632036,180 bpm
1.004017115,180 bpm
1.104948044,180 bpm
1.105073929,180 bpm
1.123147011,180 bpm
1.139883041,180 bpm
1.146636009,180 bpm
1.187952995,180 bpm
1.188529968,180 bpm
1.194885969,180 bpm
1.202220917,180 bpm
1.211008787,180 bpm
1.255184889,180 bpm
1.260333061,180 bpm
1.260366917,180 bpm
1.27290988,180 bpm
1.307983875,180 bpm
1.322772026,180 bpm
1.329008818,180 bpm
1.361646891,180 bpm
1.362096787,180 bpm
1.456739903,180 bpm
1.46075201,180 bpm
1.52916503,180 bpm
1.558439016,180 bpm
1.560760975,180 bpm
1.661505938,180 bpm
1.672259092,180 bpm
1.692528963,180 bpm
1.726319075,180 bpm
1.74105382,180 bpm
1.87954998,180 bpm
1.897339106,180 bpm
1.927226067,180 bpm
2.231662035,180 bpm
2.245025873,180 bpm
2.249485016,180 bpm
2.390439987,180 bpm
2.615820169,180 bpm
2.717242002,180 bpm
3.383074045,180 bpm
3.45011282,180 bpm
3.940076828,180 bpm
4.105967999,180 bpm
1.033530951,180 bpm
0.949984074,180 bpm
0.966775894,180 bpm
0.982376099,180 bpm
0.983366013,180 bpm
1.000133038,180 bpm
1.016726971,180 bpm
1.016734123,180 bpm
1.016754866,180 bpm
1.017621994,180 bpm
1.017891169,180 bpm
1.033389807,180 bpm
1.033427,180 bpm
1.049926996,180 bpm
1.050062895,180 bpm
1.050065041,180 bpm
1.06665206,180 bpm
1.066743851,180 bpm
1.083331108,180 bpm
1.083438873,180 bpm
1.083462954,180 bpm
1.083462954,180 bpm
1.100010872,180 bpm
1.100017071,180 bpm
1.100086927,180 bpm
1.133337021,180 bpm
1.166604996,180 bpm
1.166689157,180 bpm
1.166759968,180 bpm
1.166786194,180 bpm
1.183376074,180 bpm
1.200067043,180 bpm
1.216770172,180 bpm
1.225269794,180 bpm
1.249903917,180 bpm
1.250442028,180 bpm
1.251021147,180 bpm
1.266699791,180 bpm
1.315654993,180 bpm
1.316617966,180 bpm
1.316803932,180 bpm
1.366646051,180 bpm
1.450225115,180 bpm
1.466444969,180 bpm
1.483407021,180 bpm
1.58229208,180 bpm
1.683264971,180 bpm
1.883285999,180 bpm
0.800107956,180 bpm
0.816678047,180 bpm
0.833426952,180 bpm
0.833508968,180 bpm
0.850024939,180 bpm
0.850212097,180 bpm
0.866719007,180 bpm
0.883384943,180 bpm
0.883508921,180 bpm
0.900099993,180 bpm
0.916731119,180 bpm
0.916754961,180 bpm
0.933048964,180 bpm
0.933357954,180 bpm
0.933411121,180 bpm
0.933444023,180 bpm
0.933453083,180 bpm
0.949722052,180 bpm
0.950089931,180 bpm
0.983355045,180 bpm
0.983420134,180 bpm
0.98347187,180 bpm
0.984191895,180 bpm
1.00006485,180 bpm
1.0332551,180 bpm
1.033327103,180 bpm
1.033387899,180 bpm
1.049847126,180 bpm
1.050082922,180 bpm
1.050120115,180 bpm
1.066794872,180 bpm
1.083010912,180 bpm
1.0832932,180 bpm
1.083441019,180 bpm
1.116719961,180 bpm
1.133275986,180 bpm
1.133520126,180 bpm
1.149949074,180 bpm
1.150029182,180 bpm
1.15004611,180 bpm
1.150090933,180 bpm
1.183485985,180 bpm
1.198929071,180 bpm
1.249963999,180 bpm
1.250393867,180 bpm
1.600321054,180 bpm
2.199877024,180 bpm
1.371478081,180 bpm
0.987987041,180 bpm
1.030940056,180 bpm
1.051422119,180 bpm
1.054040909,180 bpm
1.055023909,180 bpm
1.071161032,180 bpm
1.116183996,180 bpm
1.137797117,180 bpm
1.138525009,180 bpm
1.170948982,180 bpm
1.172329903,180 bpm
1.178739071,180 bpm
1.180455923,180 bpm
1.182855845,180 bpm
1.198758125,180 bpm
1.204100132,180 bpm
1.204832077,180 bpm
1.222653866,180 bpm
1.238545895,180 bpm
1.238662004,180 bpm
1.238728046,180 bpm
1.255052805,180 bpm
1.255105972,180 bpm
1.258184195,180 bpm
1.305155039,180 bpm
1.316255093,180 bpm
1.316279173,180 bpm
1.332564116,180 bpm
1.355108976,180 bpm
1.356467962,180 bpm
1.366925001,180 bpm
1.421709061,180 bpm
1.447999954,180 bpm
1.466618061,180 bpm
1.471953869,180 bpm
1.512656927,180 bpm
1.514301062,180 bpm
1.554948092,180 bpm
1.604974031,180 bpm
1.655282974,180 bpm
1.675841093,180 bpm
1.721297979,180 bpm
1.772157907,180 bpm
1.833401918,180 bpm
4.275988102,180 bpm
1.149940968,180 bpm
0.900100946,180 bpm
0.950205088,180 bpm
0.966659069,180 bpm
1.016698122,180 bpm
1.016703844,180 bpm
1.016731024,180 bpm
1.033486843,180 bpm
1.067516088,180 bpm
1.083325148,180 bpm
1.08356905,180 bpm
1.10016799,180 bpm
1.149086952,180 bpm
1.15002799,180 bpm
1.159047127,180 bpm
1.166598082,180 bpm
1.1667068,180 bpm
1.166730881,180 bpm
1.166959047,180 bpm
1.183269024,180 bpm
1.200037003,180 bpm
1.200041056,180 bpm
1.200068951,180 bpm
1.20009613,180 bpm
1.216564894,180 bpm
1.233326912,180 bpm
1.233356953,180 bpm
1.233423948,180 bpm
1.249798059,180 bpm
1.266621113,180 bpm
1.266716003,180 bpm
1.283397913,180 bpm
1.316656113,180 bpm
1.350105047,180 bpm
1.366523981,180 bpm
1.366696119,180 bpm
1.3832798,180 bpm
1.416769981,180 bpm
1.499960899,180 bpm
1.500000954,180 bpm
1.66675806,180 bpm
1.683238983,180 bpm
1.749946117,180 bpm
1.833229065,180 bpm
1.833286047,180 bpm
1.866614103,180 bpm
1.916712999,180 bpm
2.299782038,180 bpm
1.814643145,180 bpm
0.882093191,180 bpm
0.914592981,180 bpm
0.948712111,180 bpm
0.959955931,180 bpm
0.976624966,180 bpm
0.998933077,180 bpm
1.015525103,180 bpm
1.016294003,180 bpm
1.031393051,180 bpm
1.061107159,180 bpm
1.062245846,180 bpm
1.083371878,180 bpm
1.084726095,180 bpm
1.099205017,180 bpm
1.150391102,180 bpm
1.179366112,180 bpm
1.183300018,180 bpm
1.195188046,180 bpm
1.217157841,180 bpm
1.232517004,180 bpm
1.248726845,180 bpm
1.466084957,180 bpm
2.032912016,180 bpm
0.879567146,180 bpm
0.917190075,180 bpm
0.933328867,180 bpm
0.966723919,180 bpm
0.978415966,180 bpm
0.997977972,180 bpm
0.998263836,180 bpm
1.011765003,180 bpm
1.012117863,180 bpm
1.012575865,180 bpm
1.015795946,180 bpm
1.033409119,180 bpm
1.043838978,180 bpm
1.063714981,180 bpm
1.083329916,180 bpm
1.099244118,180 bpm
1.133848906,180 bpm
1.178603888,180 bpm
1.250522137,180 bpm
1.282129049,180 bpm
1.498910904,180 bpm
1.581652164,180 bpm
1.148581028,180 bpm
1.281166792,180 bpm
1.31335187,180 bpm
1.414685965,180 bpm
1.415945053,180 bpm
1.432528019,180 bpm
1.4335711,180 bpm
1.440246105,180 bpm
1.465188026,180 bpm
1.515752077,180 bpm
1.666445017,180 bpm
1.715376854,180 bpm
1.831873894,180 bpm
1.897947073,180 bpm
1.982381105,180 bpm
2.232565165,180 bpm
2.314615965,180 bpm
2.874959946,180 bpm
3.174465179,180 bpm
3.230504036,180 bpm
3.515136957,180 bpm
3.748263836,180 bpm
4.030838966,180 bpm
4.612463951,180 bpm
0.948421955,180 bpm
0.948466063,180 bpm
0.948990822,180 bpm
0.95055604,180 bpm
1.065148115,180 bpm
1.130345106,180 bpm
1.16624999,180 bpm
1.167287111,180 bpm
1.215296984,180 bpm
1.215555906,180 bpm
1.28213501,180 bpm
1.284389019,180 bpm
1.296138048,180 bpm
1.338186979,180 bpm
1.416747808,180 bpm
1.498034,180 bpm
1.583504915,180 bpm
1.729328871,180 bpm
1.848454952,180 bpm
1.965200901,180 bpm
2.114148855,180 bpm
2.181433916,180 bpm
2.3166821,180 bpm
2.665331125,180 bpm
1.266505957,180 bpm
0.933280945,180 bpm
0.950071096,180 bpm
0.966547966,180 bpm
0.983369112,180 bpm
0.983530998,180 bpm
1.016722918,180 bpm
1.033123016,180 bpm
1.033282995,180 bpm
1.033288002,180 bpm
1.049896955,180 bpm
1.050067902,180 bpm
1.066261053,180 bpm
1.083442926,180 bpm
1.084352016,180 bpm
1.133590937,180 bpm
1.149819136,180 bpm
1.150167942,180 bpm
1.150177956,180 bpm
1.166953087,180 bpm
1.200001001,180 bpm
1.233679056,180 bpm
1.24981904,180 bpm
1.666836977,180 bpm
2.250162125,180 bpm
0.916448116,180 bpm
0.916743994,180 bpm
0.983482122,180 bpm
0.983598948,180 bpm
1.016539097,180 bpm
1.016591072,180 bpm
1.083304882,180 bpm
1.116764069,180 bpm
1.133235931,180 bpm
1.133555889,180 bpm
1.183436871,180 bpm
1.183520079,180 bpm
1.200358868,180 bpm
1.233091831,180 bpm
1.233467102,180 bpm
1.250710011,180 bpm
1.266685963,180 bpm
1.267101049,180 bpm
1.283132076,180 bpm
1.299788952,180 bpm
1.383223057,180 bpm
2.027169943,180 bpm
3.516602039,180 bpm
1.033140898,180 bpm
0.783655882,180 bpm
0.866956949,180 bpm
0.850097179,180 bpm
0.916548014,180 bpm
0.933156967,180 bpm
0.933279991,180 bpm
0.949997902,180 bpm
0.950220108,180 bpm
0.966530085,180 bpm
0.983133078,180 bpm
0.983448982,180 bpm
1.000061035,180 bpm
1.000277042,180 bpm
1.016726971,180 bpm
1.033354044,180 bpm
1.133117914,180 bpm
1.133473873,180 bpm
1.166764021,180 bpm
1.183222055,180 bpm
1.333402872,180 bpm
1.350003004,180 bpm
1.359644175,180 bpm
1.450027943,180 bpm
1.500163078,180 bpm
1.766675949,180 bpm
0.799914837,180 bpm
0.816524029,180 bpm
0.833323956,180 bpm
0.850117922,180 bpm
0.883356094,180 bpm
0.883651018,180 bpm
0.900181055,180 bpm
0.900228024,180 bpm
0.916157007,180 bpm
1.050021887,180 bpm
1.150215864,180 bpm
1.199934006,180 bpm
1.316588879,180 bpm
1.333130836,180 bpm
1.349933147,180 bpm
1.350352049,180 bpm
1.38331008,180 bpm
1.450236082,180 bpm
1.816718102,180 bpm
1.933067083,180 bpm
2.016761065,180 bpm
2.049738884,180 bpm
0.950325966,180 bpm
0.999784946,180 bpm
1.016849995,180 bpm
1.066721916,180 bpm
1.06682682,180 bpm
1.100039005,180 bpm
1.100062847,180 bpm
1.117106915,180 bpm
1.166684866,180 bpm
1.166707993,180 bpm
1.216689825,180 bpm
1.216764927,180 bpm
1.250206947,180 bpm
1.267065048,180 bpm
1.316859007,180 bpm
1.366672993,180 bpm
1.400063038,180 bpm
1.400316954,180 bpm
1.433510065,180 bpm
1.583274126,180 bpm
1.866681099,180 bpm
1.88352108,180 bpm
3.060030937,180 bpm
3.416363001,180 bpm
0.249923944,180 bpm
0.883615017,180 bpm
0.899857044,180 bpm
0.900381088,180 bpm
0.916651011,180 bpm
0.949975014,180 bpm
0.983148813,180 bpm
0.9836092,180 bpm
1.033432961,180 bpm
1.049930811,180 bpm
1.066626787,180 bpm
1.083612204,180 bpm
1.116764069,180 bpm
1.116835117,180 bpm
1.13336587,180 bpm
1.267196894,180 bpm
1.333276033,180 bpm
1.400032997,180 bpm
1.449912071,180 bpm
1.516299963,180 bpm
1.66652298,180 bpm
1.716588974,180 bpm
1.766305923,180 bpm
2.450086832,180 bpm
1.03310895,180 bpm
1.033209085,180 bpm
1.083804846,180 bpm
1.100264072,180 bpm
1.116695881,180 bpm
1.150055885,180 bpm
1.249948978,180 bpm
1.283361197,180 bpm
1.316498041,180 bpm
1.316825151,180 bpm
1.333350897,180 bpm
1.466741085,180 bpm
1.516207933,180 bpm
1.64951396,180 bpm
1.7009058,180 bpm
1.833070993,180 bpm
1.850312948,180 bpm
1.883088112,180 bpm
1.949818134,180 bpm
2.149740934,180 bpm
2.183310986,180 bpm
2.266407967,180 bpm
2.616323948,180 bpm
2.759766102,180 bpm
0.949897051,180 bpm
0.983534098,180 bpm
1.016648054,180 bpm
1.033488989,180 bpm
1.05013299,180 bpm
1.066739082,180 bpm
1.083322048,180 bpm
1.083580017,180 bpm
1.099652052,180 bpm
1.100162029,180 bpm
1.100302935,180 bpm
1.116621971,180 bpm
1.116811037,180 bpm
1.133391857,180 bpm
1.149919987,180 bpm
1.166992903,180 bpm
1.199982882,180 bpm
1.283627033,180 bpm
1.35026598,180 bpm
1.533068895,180 bpm
1.566660881,180 bpm
1.589637041,180 bpm
1.766826153,180 bpm
2.117279053,180 bpm
0.916357994,180 bpm
0.950034142,180 bpm
0.950076103,180 bpm
0.983300924,180 bpm
1.000005007,180 bpm
1.000257969,180 bpm
1.000805855,180 bpm
1.015681028,180 bpm
1.016919851,180 bpm
1.033143997,180 bpm
1.049954176,180 bpm
1.066494942,180 bpm
1.066772938,180 bpm
1.100210905,180 bpm
1.100317955,180 bpm
1.116894007,180 bpm
1.15013504,180 bpm
1.166782856,180 bpm
1.177648067,180 bpm
1.199954033,180 bpm
1.450149059,180 bpm
1.500237942,180 bpm
1.516797066,180 bpm
1.53364706,180 bpm
0.916711092,180 bpm
0.917793989,180 bpm
0.933261156,180 bpm
0.93334198,180 bpm
0.933504105,180 bpm
0.933694839,180 bpm
0.950002909,180 bpm
0.950037003,180 bpm
0.950407028,180 bpm
0.950570107,180 bpm
0.96665597,180 bpm
0.966771126,180 bpm
1.016797066,180 bpm
1.016896009,180 bpm
1.016998053,180 bpm
1.050013065,180 bpm
1.083228827,180 bpm
1.083563089,180 bpm
1.233453035,180 bpm
1.267287016,180 bpm
1.433435917,180 bpm
1.450152159,180 bpm
1.683219194,180 bpm
2.25011611,180 bpm
1.100042105,180 bpm
1.150078058,180 bpm
1.150238991,180 bpm
1.216956139,180 bpm
1.250058889,180 bpm
1.28322506,180 bpm
1.316611052,180 bpm
1.316777945,180 bpm
1.317008018,180 bpm
1.366559982,180 bpm
1.366670132,180 bpm
1.383882999,180 bpm
1.400146961,180 bpm
1.516688108,180 bpm
1.533294916,180 bpm
1.533365965,180 bpm
1.666581154,180 bpm
1.683270931,180 bpm
1.683498859,180 bpm
1.899840117,180 bpm
1.94998908,180 bpm
2.066876173,180 bpm
2.849614859,180 bpm
4.166403055,180 bpm
0.900011063,180 bpm
0.950299978,180 bpm
0.999989033,180 bpm
1.033508062,180 bpm
1.116761923,180 bpm
1.150099039,180 bpm
1.150115967,180 bpm
1.166785002,180 bpm
1.166924,180 bpm
1.19973588,180 bpm
1.233339071,180 bpm
1.233361006,180 bpm
1.283061981,180 bpm
1.283138037,180 bpm
1.283282995,180 bpm
1.283419132,180 bpm
1.333448172,180 bpm
1.376275063,180 bpm
1.383255959,180 bpm
1.499906063,180 bpm
1.516471863,180 bpm
1.750049114,180 bpm
2.083525181,180 bpm
2.149900913,180 bpm
1.04983902,180 bpm
1.100054026,180 bpm
1.116678,180 bpm
1.150452137,180 bpm
1.216706991,180 bpm
1.233392,180 bpm
1.316637039,180 bpm
1.366801023,180 bpm
1.383352995,180 bpm
1.413757086,180 bpm
1.4469769,180 bpm
1.499948978,180 bpm
1.516611099,180 bpm
1.633182049,180 bpm
1.666652918,180 bpm
1.783415079,180 bpm
1.833372831,180 bpm
1.916408062,180 bpm
1.933279037,180 bpm
2.46665287,180 bpm
2.499871969,180 bpm
2.549911976,180 bpm
2.866446018,180 bpm
3.249631882,180 bpm
0.966683865,180 bpm
0.982733965,180 bpm
0.99989295,180 bpm
1.06675005,180 bpm
1.066972017,180 bpm
1.083445072,180 bpm
1.116955042,180 bpm
1.18352294,180 bpm
1.216600895,180 bpm
1.233355999,180 bpm
1.233378887,180 bpm
1.233404875,180 bpm
1.250032902,180 bpm
1.346016884,180 bpm
1.366740942,180 bpm
1.450196981,180 bpm
1.549739838,180 bpm
1.649297953,180 bpm
1.816603899,180 bpm
1.966859818,180 bpm
2.133555889,180 bpm
2.408473015,180 bpm
2.516426086,180 bpm
3.933245897,180 bpm
1.066480875,180 bpm
1.08348012,180 bpm
1.100014925,180 bpm
1.116923094,180 bpm
1.133347988,180 bpm
1.166507006,180 bpm
1.183394909,180 bpm
1.199651003,180 bpm
1.200079918,180 bpm
1.283472061,180 bpm
1.316680908,180 bpm
1.316695929,180 bpm
1.350111008,180 bpm
1.399874926,180 bpm
1.433263063,180 bpm
1.533030987,180 bpm
1.866425991,180 bpm
2.083431959,180 bpm
2.099881172,180 bpm
2.516881943,180 bpm
2.949810028,180 bpm
2.994040012,180 bpm
5.599721193,180 bpm
6.149711847,180 bpm
0.950549126,180 bpm
0.966903925,180 bpm
1.100272894,180 bpm
1.149922848,180 bpm
1.183495998,180 bpm
1.216720819,180 bpm
1.249871016,180 bpm
1.250080109,180 bpm
1.250080109,180 bpm
1.266917944,180 bpm
1.283360004,180 bpm
1.300090075,180 bpm
1.333507061,180 bpm
1.349745035,180 bpm
1.383369923,180 bpm
1.399837971,180 bpm
1.416662931,180 bpm
1.433328867,180 bpm
1.433483839,180 bpm
1.517522097,180 bpm
1.683482885,180 bpm
1.816551924,180 bpm
2.082845926,180 bpm
2.466339827,180 bpm
0.54940486,180 bpm
1.414723158,180 bpm
1.148663998,180 bpm
1.166755915,180 bpm
1.182098866,180 bpm
1.217128992,180 bpm
1.233501911,180 bpm
1.250108004,180 bpm
1.266591072,180 bpm
1.298902988,180 bpm
1.311607838,180 bpm
1.315956831,180 bpm
1.365309,180 bpm
1.381598949,180 bpm
1.465984106,180 bpm
1.49881506,180 bpm
1.516445875,180 bpm
1.548835039,180 bpm
1.565518856,180 bpm
1.583482027,180 bpm
1.712015152,180 bpm
1.733163834,180 bpm
1.797471046,180 bpm
2.482278109,180 bpm
2.698520899,180 bpm
0.249974966,180 bpm
0.715193987,180 bpm
0.999598026,180 bpm
1.032166004,180 bpm
1.032652855,180 bpm
1.116526127,180 bpm
1.132664919,180 bpm
1.167852879,180 bpm
1.214426041,180 bpm
1.215500832,180 bpm
1.215692043,180 bpm
1.249537945,180 bpm
1.266721964,180 bpm
1.282029152,180 bpm
1.399166107,180 bpm
1.615706921,180 bpm
1.666224003,180 bpm
1.864949942,180 bpm
1.965463161,180 bpm
2.115380049,180 bpm
2.572948933,180 bpm
3.631407976,180 bpm
3.849309921,180 bpm